{
  "stop_atr_mult": 3.616084009476645,
  "rr_ratio": 1.4263789157930316,
  "min_stop_distance_pct": 0.4741525587240532,
  "trailing_stop_activation_rr": 0.5550949731065216,
  "trailing_stop_atr_mult": 1.060013825000535,
  "breakeven_after_rr": 0.709688985047041,
  "max_hold_bars": 17,
  "adx_trend_min": 18.79264342524515,
  "atr_high_pct": 0.9597837098377171,
  "min_confidence": 0.14266358009086358,
  "ema_spread_weak_bps": 7.150316586353704,
  "atr_low_pct": 0.21588676973283358,
  "trend_pullback_rsi_max": 64.06121191893955,
  "trend_overbought_rsi_min": 47.32250693001424,
  "trend_breakout_adx_min": 25.017711408636305,
  "mean_rsi_oversold": 26.795591267609066,
  "mean_rsi_overbought": 77.86006473563289,
  "mean_revert_max_bb_width": 0.020984570602193987,
  "vol_extreme_oversold": 34.00916633803787,
  "vol_extreme_overbought": 64.44986791774872,
  "min_volume_ratio": 0.1780829854947689,
  "trend_max_regime_confidence": 0.923595732387802,
  "adaptive_volatile_stop_scale": 1.001904183559354,
  "adaptive_volatile_rr_mult": 1.5867487218205127,
  "adaptive_trending_trail_scale": 0.8836892702288337,
  "adaptive_volatile_max_bars": 24,
  "adaptive_ranging_max_bars": 12,
  "leverage": 2.8336098199633755,
  "risk_per_trade_pct": 2.660604571108919,
  "max_loss_per_trade_pct": 3.0721389827263206,
  "max_portfolio_risk_pct": 19.247746297606046,
  "scope_ranging__stop_atr_mult": 2.4554805153627286,
  "scope_ranging__rr_ratio": 1.969568155144766,
  "scope_ranging__max_hold_bars": 40,
  "scope_ranging__trailing_stop_atr_mult": 0.948803437839674,
  "scope_ranging__breakeven_after_rr": 0.7944307877395393,
  "scope_trending__stop_atr_mult": 2.2899939750746023,
  "scope_trending__rr_ratio": 3.2828639621971134,
  "scope_trending__max_hold_bars": 95,
  "scope_trending__trailing_stop_atr_mult": 0.5562389868153395,
  "scope_trending__breakeven_after_rr": 2.4742775003100608,
  "scope_volatile__stop_atr_mult": 1.5006967316358721,
  "scope_volatile__rr_ratio": 1.8437691056754932,
  "scope_volatile__max_hold_bars": 36,
  "scope_volatile__trailing_stop_atr_mult": 0.3200914877696995,
  "scope_volatile__breakeven_after_rr": 0.6439127945569999,
  "partial_tp1_rr": 0.5846226203025284,
  "partial_tp1_fraction": 0.30039910264273245,
  "min_confluence_score": 34.84157108291029
}
