{
  "stop_atr_mult": 3.724383936353811,
  "rr_ratio": 3.906486637990231,
  "min_stop_distance_pct": 0.3544207280520117,
  "trailing_stop_activation_rr": 0.5037355828218895,
  "trailing_stop_atr_mult": 0.5075723239252482,
  "breakeven_after_rr": 0.8298374507600143,
  "max_hold_bars": 44,
  "adx_trend_min": 24.621060685332214,
  "atr_high_pct": 1.0535298382794207,
  "min_confidence": 0.43636600150771954,
  "ema_spread_weak_bps": 6.479422635809822,
  "atr_low_pct": 0.4585191571945455,
  "trend_pullback_rsi_max": 64.99726303620828,
  "trend_overbought_rsi_min": 57.77406805628753,
  "trend_breakout_adx_min": 25.35148797223146,
  "mean_rsi_oversold": 25.09283120539902,
  "mean_rsi_overbought": 75.75226037110255,
  "mean_revert_max_bb_width": 0.025837231969594355,
  "vol_extreme_oversold": 44.60965114299769,
  "vol_extreme_overbought": 64.41734467724667,
  "min_volume_ratio": 0.4295964312821164,
  "trend_max_regime_confidence": 0.897440465220676,
  "adaptive_volatile_stop_scale": 1.0610880173548507,
  "adaptive_volatile_rr_mult": 1.216142303243451,
  "adaptive_trending_trail_scale": 0.8024802872130539,
  "adaptive_volatile_max_bars": 19,
  "adaptive_ranging_max_bars": 10,
  "leverage": 2.8246650713389196,
  "risk_per_trade_pct": 2.441804628161907,
  "max_loss_per_trade_pct": 3.9385864169367752,
  "max_portfolio_risk_pct": 20.15502094854575,
  "scope_ranging__stop_atr_mult": 2.215617157570261,
  "scope_ranging__rr_ratio": 1.9038417845996587,
  "scope_ranging__max_hold_bars": 21,
  "scope_ranging__trailing_stop_atr_mult": 0.3661457233505483,
  "scope_ranging__breakeven_after_rr": 0.6853786971057256,
  "scope_trending__stop_atr_mult": 2.5274740790743193,
  "scope_trending__rr_ratio": 2.749175212431738,
  "scope_trending__max_hold_bars": 61,
  "scope_trending__trailing_stop_atr_mult": 0.5029669519810053,
  "scope_trending__breakeven_after_rr": 2.3419905504733705,
  "scope_volatile__stop_atr_mult": 1.6461098837901027,
  "scope_volatile__rr_ratio": 2.200979893262456,
  "scope_volatile__max_hold_bars": 43,
  "scope_volatile__trailing_stop_atr_mult": 0.3003857821740363,
  "scope_volatile__breakeven_after_rr": 0.8882990100744101,
  "partial_tp1_rr": 0.5051333087870993,
  "partial_tp1_fraction": 0.3073999809315018,
  "min_confluence_score": 42.42020906920918
}
