{
  "stop_atr_mult": 3.613232522703278,
  "rr_ratio": 2.505980293997915,
  "min_stop_distance_pct": 0.26814142039517874,
  "trailing_stop_activation_rr": 0.5461468785312253,
  "trailing_stop_atr_mult": 0.7833598598380732,
  "breakeven_after_rr": 1.3511343554963309,
  "max_hold_bars": 97,
  "adx_trend_min": 16.030094830272457,
  "atr_high_pct": 0.9190344440955412,
  "min_confidence": 0.44480509067638296,
  "ema_spread_weak_bps": 4.298143438621317,
  "atr_low_pct": 0.36981076568275906,
  "trend_pullback_rsi_max": 64.98951333342599,
  "trend_overbought_rsi_min": 51.15457694549446,
  "trend_breakout_adx_min": 26.56407748428871,
  "mean_rsi_oversold": 34.615688479907,
  "mean_rsi_overbought": 59.06949215981276,
  "mean_revert_max_bb_width": 0.0494494800480841,
  "vol_extreme_oversold": 44.488913454860615,
  "vol_extreme_overbought": 55.284243862685145,
  "min_volume_ratio": 0.11754755594073919,
  "trend_max_regime_confidence": 0.9632855459975346,
  "adaptive_volatile_stop_scale": 1.0835840246016155,
  "adaptive_volatile_rr_mult": 1.17222443145247,
  "adaptive_trending_trail_scale": 1.018447868400904,
  "adaptive_volatile_max_bars": 28,
  "adaptive_ranging_max_bars": 19,
  "leverage": 2.938515405424326,
  "risk_per_trade_pct": 3.5654235046109073,
  "max_loss_per_trade_pct": 7.4004488131193416,
  "max_portfolio_risk_pct": 10.746918822599229,
  "scope_ranging__stop_atr_mult": 1.0352807097332626,
  "scope_ranging__rr_ratio": 2.092757366660992,
  "scope_ranging__max_hold_bars": 55,
  "scope_ranging__trailing_stop_atr_mult": 0.3844377804561159,
  "scope_ranging__breakeven_after_rr": 1.071595285447374,
  "scope_trending__stop_atr_mult": 2.500027899628037,
  "scope_trending__rr_ratio": 2.9141895577853068,
  "scope_trending__max_hold_bars": 76,
  "scope_trending__trailing_stop_atr_mult": 0.5277832782340109,
  "scope_trending__breakeven_after_rr": 1.476856508074193,
  "scope_volatile__stop_atr_mult": 1.5882029185426352,
  "scope_volatile__rr_ratio": 1.8318168873956224,
  "scope_volatile__max_hold_bars": 49,
  "scope_volatile__trailing_stop_atr_mult": 0.300032973527893,
  "scope_volatile__breakeven_after_rr": 1.4130893313075688,
  "scope_volatile__trend_breakout_adx_min": 26.714075863135726,
  "scope_volatile__trend_pullback_adx_min": 19.348081196940907,
  "partial_tp1_rr": 0.6283107823742029,
  "partial_tp1_fraction": 0.3076056803863339,
  "min_confluence_score": 41.61947743230912
}