{
  "stop_atr_mult": 3.499946233793395,
  "rr_ratio": 2.48059721699021,
  "min_stop_distance_pct": 0.3165450977492704,
  "trailing_stop_activation_rr": 0.608483307727086,
  "trailing_stop_atr_mult": 0.8254041052835333,
  "breakeven_after_rr": 1.3919431588177509,
  "max_hold_bars": 41,
  "adx_trend_min": 14.226457896259737,
  "atr_high_pct": 1.0185382563257297,
  "min_confidence": 0.2121277911973521,
  "ema_spread_weak_bps": 5.249033933217733,
  "atr_low_pct": 0.40443139932469985,
  "trend_pullback_rsi_max": 63.606030658385585,
  "trend_overbought_rsi_min": 47.38144093640196,
  "trend_breakout_adx_min": 25.222065941648864,
  "mean_rsi_oversold": 34.88831540645163,
  "mean_rsi_overbought": 56.92117272666545,
  "mean_revert_max_bb_width": 0.055204370993988436,
  "vol_extreme_oversold": 43.131072454593486,
  "vol_extreme_overbought": 54.42652277059782,
  "min_volume_ratio": 0.24470793808412217,
  "trend_max_regime_confidence": 0.9741932370026458,
  "adaptive_volatile_stop_scale": 1.0162124419648046,
  "adaptive_volatile_rr_mult": 1.3871101503618184,
  "adaptive_trending_trail_scale": 0.8645039861159712,
  "adaptive_volatile_max_bars": 28,
  "adaptive_ranging_max_bars": 18,
  "leverage": 2.886133804435368,
  "risk_per_trade_pct": 3.214914054587874,
  "max_loss_per_trade_pct": 7.983265844387124,
  "max_portfolio_risk_pct": 16.084294997803653,
  "scope_ranging__stop_atr_mult": 1.0006200274733812,
  "scope_ranging__rr_ratio": 2.3309349927239107,
  "scope_ranging__max_hold_bars": 36,
  "scope_ranging__trailing_stop_atr_mult": 0.38988908797543514,
  "scope_ranging__breakeven_after_rr": 0.7093332447604092,
  "scope_trending__stop_atr_mult": 2.5508746215814266,
  "scope_trending__rr_ratio": 2.8353636521895424,
  "scope_trending__max_hold_bars": 72,
  "scope_trending__trailing_stop_atr_mult": 0.6650248855016536,
  "scope_trending__breakeven_after_rr": 1.8488016436177037,
  "scope_volatile__stop_atr_mult": 1.5000127002654644,
  "scope_volatile__rr_ratio": 2.840358794354821,
  "scope_volatile__max_hold_bars": 47,
  "scope_volatile__trailing_stop_atr_mult": 0.34455435227507875,
  "scope_volatile__breakeven_after_rr": 1.3322265264820408,
  "scope_volatile__trend_breakout_adx_min": 26.161026551360482,
  "scope_volatile__trend_pullback_adx_min": 16.89935757305374,
  "partial_tp1_rr": 0.611740998876399,
  "partial_tp1_fraction": 0.3249436054240419,
  "min_confluence_score": 40.5636362476993
}