{
  "stop_atr_mult": 4.456148599630052,
  "rr_ratio": 2.390921231915998,
  "min_stop_distance_pct": 0.47469685706962883,
  "trailing_stop_activation_rr": 0.5185737266583186,
  "trailing_stop_atr_mult": 0.8052946113520929,
  "breakeven_after_rr": 1.457225943715869,
  "max_hold_bars": 56,
  "adx_trend_min": 21.87560312112289,
  "atr_high_pct": 1.1363907782508875,
  "min_confidence": 0.2555987300221033,
  "ema_spread_weak_bps": 7.411788781059918,
  "atr_low_pct": 0.2427142632474234,
  "trend_pullback_rsi_max": 64.56763366359108,
  "trend_overbought_rsi_min": 45.47804500204498,
  "trend_breakout_adx_min": 25.56907035537918,
  "mean_rsi_oversold": 26.264889509767293,
  "mean_rsi_overbought": 79.07692560812728,
  "mean_revert_max_bb_width": 0.030288768455002578,
  "vol_extreme_oversold": 44.58688123628101,
  "vol_extreme_overbought": 65.82206228375072,
  "min_volume_ratio": 0.23991438176452223,
  "trend_max_regime_confidence": 0.9200974383232947,
  "adaptive_volatile_stop_scale": 1.0865854608308487,
  "adaptive_volatile_rr_mult": 1.9178872594638297,
  "adaptive_trending_trail_scale": 0.8257765906881835,
  "adaptive_volatile_max_bars": 27,
  "adaptive_ranging_max_bars": 15,
  "leverage": 2.9520926216639802,
  "risk_per_trade_pct": 3.7211457053393953,
  "max_loss_per_trade_pct": 7.648786712629399,
  "max_portfolio_risk_pct": 10.044815606714307,
  "scope_ranging__stop_atr_mult": 1.7106586079206676,
  "scope_ranging__rr_ratio": 1.266395939711713,
  "scope_ranging__max_hold_bars": 60,
  "scope_ranging__trailing_stop_atr_mult": 0.5554633285493423,
  "scope_ranging__breakeven_after_rr": 0.4895727137149033,
  "scope_trending__stop_atr_mult": 2.504068635664569,
  "scope_trending__rr_ratio": 3.9712610206884813,
  "scope_trending__max_hold_bars": 64,
  "scope_trending__trailing_stop_atr_mult": 0.5006689347491934,
  "scope_trending__breakeven_after_rr": 0.7863367993674194,
  "scope_volatile__stop_atr_mult": 1.5019115204740372,
  "scope_volatile__rr_ratio": 1.7293327600093484,
  "scope_volatile__max_hold_bars": 33,
  "scope_volatile__trailing_stop_atr_mult": 0.3794777734772963,
  "scope_volatile__breakeven_after_rr": 1.4666367669679838,
  "partial_tp1_rr": 0.5474274652120121,
  "partial_tp1_fraction": 0.32269621590767883,
  "min_confluence_score": 36.307360937559245
}