{
  "stop_atr_mult": 4.359274254902442,
  "rr_ratio": 2.494971862050703,
  "min_stop_distance_pct": 0.3709709251119295,
  "trailing_stop_activation_rr": 0.5345260497673204,
  "trailing_stop_atr_mult": 0.8462642069747608,
  "breakeven_after_rr": 1.3103078573725488,
  "max_hold_bars": 53,
  "adx_trend_min": 20.144666902672324,
  "atr_high_pct": 1.13039502217862,
  "min_confidence": 0.27406246151147984,
  "ema_spread_weak_bps": 7.007648051815927,
  "atr_low_pct": 0.2542915812170785,
  "trend_pullback_rsi_max": 63.84200049104353,
  "trend_overbought_rsi_min": 45.00616923813546,
  "trend_breakout_adx_min": 26.30218920140927,
  "mean_rsi_oversold": 27.262080257184724,
  "mean_rsi_overbought": 79.99810653275719,
  "mean_revert_max_bb_width": 0.02833216003163486,
  "vol_extreme_oversold": 39.927777292743976,
  "vol_extreme_overbought": 64.36501324082855,
  "min_volume_ratio": 0.20901299960433156,
  "trend_max_regime_confidence": 0.9572145838108829,
  "adaptive_volatile_stop_scale": 1.042395098331969,
  "adaptive_volatile_rr_mult": 2.0328534294856486,
  "adaptive_trending_trail_scale": 0.8004295867351537,
  "adaptive_volatile_max_bars": 26,
  "adaptive_ranging_max_bars": 13,
  "leverage": 2.885326487675089,
  "risk_per_trade_pct": 3.6047726614869555,
  "max_loss_per_trade_pct": 6.867709830705124,
  "max_portfolio_risk_pct": 11.164255300924406,
  "scope_ranging__stop_atr_mult": 1.6965375624336023,
  "scope_ranging__rr_ratio": 1.254564309741261,
  "scope_ranging__max_hold_bars": 60,
  "scope_ranging__trailing_stop_atr_mult": 0.46490659715227955,
  "scope_ranging__breakeven_after_rr": 0.3964624090649333,
  "scope_trending__stop_atr_mult": 2.3079786998561214,
  "scope_trending__rr_ratio": 3.0752601443659517,
  "scope_trending__max_hold_bars": 63,
  "scope_trending__trailing_stop_atr_mult": 0.5223580626884561,
  "scope_trending__breakeven_after_rr": 0.6895292272380708,
  "scope_volatile__stop_atr_mult": 1.5906738517721994,
  "scope_volatile__rr_ratio": 1.7651161135590878,
  "scope_volatile__max_hold_bars": 33,
  "scope_volatile__trailing_stop_atr_mult": 0.32305629217878107,
  "scope_volatile__breakeven_after_rr": 1.3692780308778576,
  "partial_tp1_rr": 0.5570065776649455,
  "partial_tp1_fraction": 0.33535869299861804,
  "min_confluence_score": 34.69007902660279
}