{
  "stop_atr_mult": 3.8015311099604014,
  "rr_ratio": 3.7787482084199886,
  "min_stop_distance_pct": 0.37000691530463137,
  "trailing_stop_activation_rr": 0.5297709798209264,
  "trailing_stop_atr_mult": 0.5124430108736975,
  "breakeven_after_rr": 0.8290894620158371,
  "max_hold_bars": 35,
  "adx_trend_min": 24.63980751574376,
  "atr_high_pct": 1.0699676530526299,
  "min_confidence": 0.14436730217681537,
  "ema_spread_weak_bps": 6.6690899800524255,
  "atr_low_pct": 0.46493988271303177,
  "trend_pullback_rsi_max": 64.99580605878185,
  "trend_overbought_rsi_min": 57.917530221598454,
  "trend_breakout_adx_min": 25.016001457771072,
  "mean_rsi_oversold": 25.35515518868417,
  "mean_rsi_overbought": 75.82678686943942,
  "mean_revert_max_bb_width": 0.023517913203179884,
  "vol_extreme_oversold": 33.27800451592494,
  "vol_extreme_overbought": 62.708299557389786,
  "min_volume_ratio": 0.2825542652442313,
  "trend_max_regime_confidence": 0.897602852406991,
  "adaptive_volatile_stop_scale": 1.042657653857644,
  "adaptive_volatile_rr_mult": 1.6432331949185996,
  "adaptive_trending_trail_scale": 0.8203683986179638,
  "adaptive_volatile_max_bars": 18,
  "adaptive_ranging_max_bars": 10,
  "leverage": 2.852844921662174,
  "risk_per_trade_pct": 2.4713987317883466,
  "max_loss_per_trade_pct": 3.850224037687614,
  "max_portfolio_risk_pct": 19.71276015244258,
  "scope_ranging__stop_atr_mult": 2.194669485187857,
  "scope_ranging__rr_ratio": 1.9975219920445222,
  "scope_ranging__max_hold_bars": 22,
  "scope_ranging__trailing_stop_atr_mult": 0.40153845406310246,
  "scope_ranging__breakeven_after_rr": 0.6902677072731408,
  "scope_trending__stop_atr_mult": 2.4917969645374414,
  "scope_trending__rr_ratio": 2.823196074513888,
  "scope_trending__max_hold_bars": 53,
  "scope_trending__trailing_stop_atr_mult": 0.5001805732468058,
  "scope_trending__breakeven_after_rr": 2.337952923637066,
  "scope_volatile__stop_atr_mult": 1.5005062080202574,
  "scope_volatile__rr_ratio": 2.170457991522851,
  "scope_volatile__max_hold_bars": 17,
  "scope_volatile__trailing_stop_atr_mult": 0.3002039452533359,
  "scope_volatile__breakeven_after_rr": 0.9587587398797511,
  "partial_tp1_rr": 0.5473908662112019,
  "partial_tp1_fraction": 0.3128457991144847,
  "min_confluence_score": 39.54537820249344
}
