{
  "stop_atr_mult": 2.709181839291721,
  "rr_ratio": 2.655861820604875,
  "min_stop_distance_pct": 0.3266085451226177,
  "trailing_stop_activation_rr": 0.5536294237209018,
  "trailing_stop_atr_mult": 0.8078806388350056,
  "breakeven_after_rr": 1.3799831830545348,
  "max_hold_bars": 107,
  "adx_trend_min": 15.401311447913502,
  "atr_high_pct": 0.9190633499638244,
  "min_confidence": 0.45131272933988326,
  "ema_spread_weak_bps": 4.186453130585722,
  "atr_low_pct": 0.3805641394449593,
  "trend_pullback_rsi_max": 64.11862127049737,
  "trend_overbought_rsi_min": 48.84809308727931,
  "trend_breakout_adx_min": 25.003394782082673,
  "mean_rsi_oversold": 32.420360565890334,
  "mean_rsi_overbought": 61.35958033093042,
  "mean_revert_max_bb_width": 0.047447281271475655,
  "vol_extreme_oversold": 42.92170647095858,
  "vol_extreme_overbought": 55.31181754735891,
  "min_volume_ratio": 0.1737488271481196,
  "trend_max_regime_confidence": 0.9366066145756221,
  "adaptive_volatile_stop_scale": 1.0671968191678571,
  "adaptive_volatile_rr_mult": 2.509332720716565,
  "adaptive_trending_trail_scale": 1.0519888509753872,
  "adaptive_volatile_max_bars": 28,
  "adaptive_ranging_max_bars": 22,
  "leverage": 2.8573556647185505,
  "risk_per_trade_pct": 3.3861341477907465,
  "max_loss_per_trade_pct": 7.069627753858239,
  "max_portfolio_risk_pct": 10.721586629096075,
  "scope_ranging__stop_atr_mult": 1.0278962631090327,
  "scope_ranging__rr_ratio": 2.0770726282002143,
  "scope_ranging__max_hold_bars": 56,
  "scope_ranging__trailing_stop_atr_mult": 0.3754666547523342,
  "scope_ranging__breakeven_after_rr": 1.050535592140071,
  "scope_trending__stop_atr_mult": 2.3787170172484666,
  "scope_trending__rr_ratio": 2.918455516526172,
  "scope_trending__max_hold_bars": 83,
  "scope_trending__trailing_stop_atr_mult": 0.5916578647696603,
  "scope_trending__breakeven_after_rr": 2.0021612485500775,
  "scope_volatile__stop_atr_mult": 1.5004636801620137,
  "scope_volatile__rr_ratio": 1.7704894668400417,
  "scope_volatile__max_hold_bars": 49,
  "scope_volatile__trailing_stop_atr_mult": 0.3200543763980495,
  "scope_volatile__breakeven_after_rr": 1.45632477236908,
  "scope_volatile__trend_breakout_adx_min": 26.442562727565576,
  "scope_volatile__trend_pullback_adx_min": 18.516931201452735,
  "partial_tp1_rr": 0.5782450908541685,
  "partial_tp1_fraction": 0.3002233564364792,
  "min_confluence_score": 41.567484494461496
}