{
  "stop_atr_mult": 3.467024635206016,
  "rr_ratio": 2.545609982808199,
  "min_stop_distance_pct": 0.3249489847108416,
  "trailing_stop_activation_rr": 0.5434019936963029,
  "trailing_stop_atr_mult": 0.7904718017949607,
  "breakeven_after_rr": 1.3823327490293948,
  "max_hold_bars": 37,
  "adx_trend_min": 14.84819085188432,
  "atr_high_pct": 0.9676770876838394,
  "min_confidence": 0.41999211038994133,
  "ema_spread_weak_bps": 4.861771346444641,
  "atr_low_pct": 0.36204956590329196,
  "trend_pullback_rsi_max": 64.21073276331252,
  "trend_overbought_rsi_min": 48.4470687675835,
  "trend_breakout_adx_min": 25.3049025776682,
  "mean_rsi_oversold": 33.871252716346255,
  "mean_rsi_overbought": 59.12719301636379,
  "mean_revert_max_bb_width": 0.051051895456919405,
  "vol_extreme_oversold": 44.82342947338249,
  "vol_extreme_overbought": 54.740390209571686,
  "min_volume_ratio": 0.18196462496201457,
  "trend_max_regime_confidence": 0.9699457702297895,
  "adaptive_volatile_stop_scale": 1.0709951601042693,
  "adaptive_volatile_rr_mult": 1.2326313844239822,
  "adaptive_trending_trail_scale": 0.9489132576801613,
  "adaptive_volatile_max_bars": 28,
  "adaptive_ranging_max_bars": 22,
  "leverage": 2.8694433012413043,
  "risk_per_trade_pct": 3.1175486972651982,
  "max_loss_per_trade_pct": 7.178378248595619,
  "max_portfolio_risk_pct": 16.23133748414255,
  "scope_ranging__stop_atr_mult": 1.0000399137575233,
  "scope_ranging__rr_ratio": 2.4238510070057764,
  "scope_ranging__max_hold_bars": 57,
  "scope_ranging__trailing_stop_atr_mult": 0.39085611775733364,
  "scope_ranging__breakeven_after_rr": 1.040407505474637,
  "scope_trending__stop_atr_mult": 2.461433844495561,
  "scope_trending__rr_ratio": 2.9449453127216905,
  "scope_trending__max_hold_bars": 76,
  "scope_trending__trailing_stop_atr_mult": 0.5681478910486677,
  "scope_trending__breakeven_after_rr": 2.1969621612096035,
  "scope_volatile__stop_atr_mult": 1.5008355282689188,
  "scope_volatile__rr_ratio": 1.8236641600525274,
  "scope_volatile__max_hold_bars": 49,
  "scope_volatile__trailing_stop_atr_mult": 0.32268896518484397,
  "scope_volatile__breakeven_after_rr": 1.4039422700942106,
  "scope_volatile__trend_breakout_adx_min": 25.655670070643556,
  "scope_volatile__trend_pullback_adx_min": 19.761600808676345,
  "partial_tp1_rr": 0.5922222688441992,
  "partial_tp1_fraction": 0.3068754174554826,
  "min_confluence_score": 41.787694823875
}