{
  "stop_atr_mult": 4.363963775002816,
  "rr_ratio": 1.6502758664338297,
  "min_stop_distance_pct": 0.47451762389791463,
  "trailing_stop_activation_rr": 0.5424985526472403,
  "trailing_stop_atr_mult": 0.7887288774738653,
  "breakeven_after_rr": 1.474049899475921,
  "max_hold_bars": 50,
  "adx_trend_min": 20.768607450278697,
  "atr_high_pct": 1.1488657501979775,
  "min_confidence": 0.25226898331499376,
  "ema_spread_weak_bps": 8.018066670663167,
  "atr_low_pct": 0.24070622676341963,
  "trend_pullback_rsi_max": 64.51579085468956,
  "trend_overbought_rsi_min": 45.306528182176365,
  "trend_breakout_adx_min": 25.67996987425674,
  "mean_rsi_oversold": 27.045616058399915,
  "mean_rsi_overbought": 78.75756452074316,
  "mean_revert_max_bb_width": 0.028109057764589402,
  "vol_extreme_oversold": 43.76127580910343,
  "vol_extreme_overbought": 66.52282119237489,
  "min_volume_ratio": 0.2590462704107328,
  "trend_max_regime_confidence": 0.9488328581108136,
  "adaptive_volatile_stop_scale": 1.055943171053347,
  "adaptive_volatile_rr_mult": 1.9184712863809614,
  "adaptive_trending_trail_scale": 0.8189900448921703,
  "adaptive_volatile_max_bars": 27,
  "adaptive_ranging_max_bars": 15,
  "leverage": 2.9574621026166774,
  "risk_per_trade_pct": 3.663572497547857,
  "max_loss_per_trade_pct": 7.621219875023489,
  "max_portfolio_risk_pct": 21.71671858243144,
  "scope_ranging__stop_atr_mult": 1.7722835351924922,
  "scope_ranging__rr_ratio": 1.2484686522407442,
  "scope_ranging__max_hold_bars": 60,
  "scope_ranging__trailing_stop_atr_mult": 0.5230899923584353,
  "scope_ranging__breakeven_after_rr": 1.4484547470995104,
  "scope_trending__stop_atr_mult": 2.412142024682582,
  "scope_trending__rr_ratio": 3.9222957523608644,
  "scope_trending__max_hold_bars": 61,
  "scope_trending__trailing_stop_atr_mult": 0.5241569447347277,
  "scope_trending__breakeven_after_rr": 0.6985490564308483,
  "scope_volatile__stop_atr_mult": 1.5017205536013942,
  "scope_volatile__rr_ratio": 1.8035209032197395,
  "scope_volatile__max_hold_bars": 32,
  "scope_volatile__trailing_stop_atr_mult": 0.3652836474550794,
  "scope_volatile__breakeven_after_rr": 1.4068844389854864,
  "partial_tp1_rr": 0.582304501130988,
  "partial_tp1_fraction": 0.328080635182161,
  "min_confluence_score": 35.79950273008126
}