{
  "stop_atr_mult": 4.278585172845597,
  "rr_ratio": 2.294443283127837,
  "min_stop_distance_pct": 0.4789629509918666,
  "trailing_stop_activation_rr": 0.5214018948076278,
  "trailing_stop_atr_mult": 0.772401197798999,
  "breakeven_after_rr": 0.927250991555717,
  "max_hold_bars": 55,
  "adx_trend_min": 20.71439276521875,
  "atr_high_pct": 1.0669073408633063,
  "min_confidence": 0.2503928462222389,
  "ema_spread_weak_bps": 7.918478795132863,
  "atr_low_pct": 0.21994554500551494,
  "trend_pullback_rsi_max": 64.52106997475585,
  "trend_overbought_rsi_min": 45.003074409679236,
  "trend_breakout_adx_min": 25.312965265157292,
  "mean_rsi_oversold": 27.70583207045805,
  "mean_rsi_overbought": 79.0211502534539,
  "mean_revert_max_bb_width": 0.030129559836488216,
  "vol_extreme_oversold": 43.5367254831979,
  "vol_extreme_overbought": 65.6936896148938,
  "min_volume_ratio": 0.2748736289021563,
  "trend_max_regime_confidence": 0.8985908001775675,
  "adaptive_volatile_stop_scale": 1.065910349987493,
  "adaptive_volatile_rr_mult": 1.8848435191596553,
  "adaptive_trending_trail_scale": 0.8225490071350067,
  "adaptive_volatile_max_bars": 26,
  "adaptive_ranging_max_bars": 15,
  "leverage": 2.9678984831490687,
  "risk_per_trade_pct": 3.925743338793532,
  "max_loss_per_trade_pct": 7.881235610500597,
  "max_portfolio_risk_pct": 18.550383783755393,
  "scope_ranging__stop_atr_mult": 2.3276286641268533,
  "scope_ranging__rr_ratio": 2.4978587760235236,
  "scope_ranging__max_hold_bars": 58,
  "scope_ranging__trailing_stop_atr_mult": 0.5408104497344364,
  "scope_ranging__breakeven_after_rr": 1.3983481756330813,
  "scope_trending__stop_atr_mult": 2.3203962088837806,
  "scope_trending__rr_ratio": 3.889330101203287,
  "scope_trending__max_hold_bars": 60,
  "scope_trending__trailing_stop_atr_mult": 0.5001807968524358,
  "scope_trending__breakeven_after_rr": 1.1839675612465173,
  "scope_volatile__stop_atr_mult": 1.5000564735429331,
  "scope_volatile__rr_ratio": 1.7225075113328077,
  "scope_volatile__max_hold_bars": 33,
  "scope_volatile__trailing_stop_atr_mult": 0.35338018835343266,
  "scope_volatile__breakeven_after_rr": 1.5043196961708512,
  "partial_tp1_rr": 0.573888850833009,
  "partial_tp1_fraction": 0.3000280464698251,
  "min_confluence_score": 36.53557659857625
}