{
  "stop_atr_mult": 4.351987813021298,
  "rr_ratio": 1.4406468919244975,
  "min_stop_distance_pct": 0.485320824083091,
  "trailing_stop_activation_rr": 0.5209848235751686,
  "trailing_stop_atr_mult": 0.7712905518389555,
  "breakeven_after_rr": 0.6764540511572821,
  "max_hold_bars": 55,
  "adx_trend_min": 21.903972970497286,
  "atr_high_pct": 1.123814896699636,
  "min_confidence": 0.2524995831685477,
  "ema_spread_weak_bps": 7.910186826363925,
  "atr_low_pct": 0.19476577160114752,
  "trend_pullback_rsi_max": 64.53250941371762,
  "trend_overbought_rsi_min": 45.33815719240729,
  "trend_breakout_adx_min": 25.55558060150821,
  "mean_rsi_oversold": 27.205023617181112,
  "mean_rsi_overbought": 79.1557110659257,
  "mean_revert_max_bb_width": 0.03075771978212881,
  "vol_extreme_oversold": 44.01419235434402,
  "vol_extreme_overbought": 66.23859778790961,
  "min_volume_ratio": 0.2947715728172871,
  "trend_max_regime_confidence": 0.9463290929053932,
  "adaptive_volatile_stop_scale": 1.0453679674523781,
  "adaptive_volatile_rr_mult": 1.977744619762159,
  "adaptive_trending_trail_scale": 0.8002856273767022,
  "adaptive_volatile_max_bars": 27,
  "adaptive_ranging_max_bars": 16,
  "leverage": 2.9996244836259622,
  "risk_per_trade_pct": 3.590407744020817,
  "max_loss_per_trade_pct": 7.801191231158724,
  "max_portfolio_risk_pct": 19.714657057167052,
  "scope_ranging__stop_atr_mult": 1.7575761743739902,
  "scope_ranging__rr_ratio": 2.0664021605972462,
  "scope_ranging__max_hold_bars": 60,
  "scope_ranging__trailing_stop_atr_mult": 0.598382276409065,
  "scope_ranging__breakeven_after_rr": 1.0134574936233463,
  "scope_trending__stop_atr_mult": 2.3828548851151017,
  "scope_trending__rr_ratio": 3.949920023681823,
  "scope_trending__max_hold_bars": 56,
  "scope_trending__trailing_stop_atr_mult": 0.5502207841299265,
  "scope_trending__breakeven_after_rr": 1.4019956201513637,
  "scope_volatile__stop_atr_mult": 1.501400768506037,
  "scope_volatile__rr_ratio": 1.7559225369102787,
  "scope_volatile__max_hold_bars": 30,
  "scope_volatile__trailing_stop_atr_mult": 0.35109221133388585,
  "scope_volatile__breakeven_after_rr": 1.5696241633931347,
  "partial_tp1_rr": 0.5736893808214354,
  "partial_tp1_fraction": 0.31541952341185736,
  "min_confluence_score": 40.87387824181621
}